Texto,Categoría
"Águila es el nombre dado a las mayores aves depredadoras. Las diversas especies y subespecies de águilas pueden encontrarse en casi cualquier parte del mundo excepto en la Antártida. Son miembros de las aves de presa, del orden de Accipitriformes,​ (o Falconiformes acorde a una clasificación anterior),​ familia Accipitridae, subfamilia Buteoninae. Pertenecen a varios géneros, los cuales están sujetos a una reclasificación más adecuada puesto que los expertos no llegan a una opinión consensuada. Las águilas se caracterizan principalmente por su gran tamaño, constitución robusta, cabeza y pico pesados.
Como todas las aves de presa, las águilas poseen un pico grande, poderoso y puntiagudo para desprender la carne de su presa. Cuentan también con tarsos y garras poderosas. Llama también la atención la fuerza de las águilas, que les posibilita alzar en vuelo a presas mucho más pesadas que ellas. Además poseen una vista extremadamente aguda que les permite visualizar potenciales presas a distancia, por ejemplo el águila real posee dos puntos focales en sus ojos, uno para mirar de frente y otro para localizar la mirada hacia los costados escudriñando a la distancia.
Las águilas han sido utilizadas por muchos pueblos como símbolo nacional y especialmente símbolo imperial, mostrando tanto poderío como belleza. Del Imperio romano es que, en general, otros estados han tomado la forma más usual del emblema con un águila; el Imperio bizantino aportó el símbolo del águila bicéfala.
El águila era sinónimo de poder para muchos pueblos antiguos como los Mochica del antiguo Perú, mayas y aztecas.
También es emblema de ciertos equipos deportivos, principalmente en béisbol; caso de los equipos Águilas de Mexicali (México), Águilas del Zulia (Venezuela) y Águilas Cibaeñas (República Dominicana) y las águilas cibaeñas es el equipo con más fanáticos en el extranjero y en República Dominica y del Caribe del equipo de fútbol Águilas de Cristo (Venezuela), Club Deportivo Águila (El Salvador), Club América (México) y el equipo argentino de Combate Histórico Medieval (HMB) CECM, quienes al igual que el águila, se caracterizan en este deporte por su ferocidad en los combates.",Animales
"﻿Crocodylidae (castellanizado como crocodílidos​ o cocodrílidos​) es una familia de saurópsidos (reptiles) arcosaurios comúnmente conocidos como cocodrilos. Incluye a catorce especies actuales. Se trata de grandes reptiles semiacuáticos que viven en las regiones tropicales de África, Asia, América y Australia. Aparecieron por primera vez durante el Eoceno, hace unos cincuenta y cinco millones de años.
En sentido estricto, un cocodrilo es cualquier especie que pertenece a la familia Crocodylidae (a veces clasificada como la subfamilia Crocodylinae). No obstante, el término también se puede usar de manera más flexible para incluir todos los miembros existentes de la orden Crocodilia, es decir, los verdaderos cocodrilos, los aligatores y caimanes (familia Alligatoridae) y los gaviales (familia Gavialidae), así como los Crocodylomorpha, que incluye parientes y antepasados extintos de los cocodrilos actuales.
Los cocodrilos tienden a congregarse en hábitats de agua dulce como ríos, lagos, humedales y algunas veces en agua salobre. Se alimentan principalmente de vertebrados (peces, reptiles y mamíferos), y algunas veces de invertebrados (moluscos y crustáceos), según la especie.",Animales
"Los delfines (Delphinidae), llamados también delfines oceánicos para distinguirlos de los platanistoideos o delfines de río, son una familia de cetáceos odontocetos muy heterogénea, que comprende 34 especies. Miden entre 2 y 9 metros de largo, con el cuerpo fusiforme y la cabeza de gran tamaño, el hocico alargado y solo un espiráculo en la parte superior de la cabeza (orificio respiratorio que muchos animales marinos tienen como contacto del aire o agua con su sistema respiratorio interno). Son carnívoros estrictos. Están entre las especies más inteligentes que habitan en el planeta. Se encuentran relativamente cerca de las costas y a menudo interactúan con el ser humano. Como otros cetáceos, los delfines utilizan los sonidos, la danza y el salto para comunicarse, orientarse y alcanzar sus presas; además utilizan la ecolocalización. Hoy en día, las principales amenazas a las que están expuestos son de naturaleza antrópica.",Animales
"Los elefantes o elefántidos (Elephantidae) son una familia de mamíferos placentarios del orden Proboscidea. Antiguamente se clasificaban, junto con otros mamíferos de piel gruesa, en el orden, ahora inválido, de los paquidermos (Pachydermata). Existen hoy en día tres especies y diversas subespecies. Entre los géneros extintos de esta familia destacan los mamuts.
Elefante salvaje indio del bosque de Marayoor, Munnar, Kerala
Cría de elefante africano de sabana (Loxodonta africana), parque nacional Kruger, Sudáfrica
Los elefantes son los animales terrestres más grandes que existen en la actualidad.​ El periodo de gestación es de veintidós meses, el más largo en cualquier animal terrestre. El peso al nacer usualmente es 118 kg. Normalmente viven de cincuenta a setenta años, pero registros antiguos documentan edades máximas de ochenta y dos años. El elefante más grande que se ha cazado, de los que se tiene registro, pesó alrededor de 11 000 kg (Angola, 1956),​ alcanzando una altura en la cruz de 3,96 m, un metro más alto que el elefante africano promedio. El elefante más pequeño, de alrededor del tamaño de una cría o un cerdo grande, es una especie prehistórica que existió en la isla de Creta, Elephas creticus, durante el Pleistoceno.
Con un peso de 5 kg, el cerebro del elefante es el más grande de los animales terrestres. Se le atribuyen una gran variedad de comportamientos asociados a la inteligencia como el duelo, altruismo, adopción, juego, uso de herramientas,​ compasión y autorreconocimiento. Los elefantes pueden estar a la par con otras especies inteligentes como los cetáceos​ y algunos primates. Las áreas más grandes en su cerebro están encargadas de la audición, el gusto y la movilidad.",Animales
"Los quirópteros (Chiroptera), conocidos comúnmente como murciélagos, son un orden de mamíferos placentarios cuyas extremidades superiores se desarrollaron como alas. Con aproximadamente 1100 especies, representan aproximadamente un 20 % de todas las especies de mamíferos, lo que los convierte en el segundo orden más numeroso de esta clase (tras los roedores). Están presentes en todos los continentes, excepto en la Antártida.
Son los únicos mamíferos capaces de volar,​ se han extendido por casi todo el mundo y han ocupado una gran variedad de nichos ecológicos diferentes. Desempeñan un papel ecológico vital como polinizadores, como controladores de plagas de insectos y pequeños vertebrados y también desarrollan un importante papel en la dispersión de semillas; muchas plantas tropicales dependen por completo de los murciélagos. Tienen las patas anteriores transformadas en alas y más de la mitad de especies conocidas se orientan y cazan por medio de la ecolocalización. Cerca de un 70 % de las especies son insectívoras y la mayor parte del resto frugívoras; algunas se alimentan de pequeños vertebrados como ranas, roedores, aves, peces, otros murciélagos o, como en el caso de los vampiros (subfamilia Desmodontinae), de sangre.
Su tamaño varía desde los 29-33 mm de longitud y 2 g de peso del murciélago moscardón (Craseonycteris thonglongyai), a los más de 1,5 m de envergadura y 1,2 kg de peso del zorro volador filipino (Acerodon jubatus).
A causa de los hábitos nocturnos de la mayoría de sus especies y la ancestral incomprensión sobre cómo podían «ver» en la oscuridad, se les consideraba y todavía se les considera a menudo como habitantes siniestros de la noche, y con pocas excepciones (como en China, donde son símbolo de felicidad y provecho) en la mayor parte del mundo los murciélagos han causado temor entre los humanos a lo largo de la historia; iconos imprescindibles en el cine de terror, aparecen en multitud de mitos y leyendas y, aunque en realidad solo tres especies son hematófagas, a menudo se les asocia a los vampiros mitológicos.",Animales
"Los vulpinos (Vulpini) son una tribu de mamíferos carnívoros incluidos en la familia de los cánidos. Se conocen comúnmente como zorros, zorras, raposos o raposas.
Actualmente están representados por unas 27 especies que se encuentran en casi todos los continentes, aunque la más extendida es el zorro rojo o zorro común (Vulpes vulpes), que habita en Europa y América del Norte. Otras especies importantes son el zorro gris, el zorro isleño y el zorro polar, también conocido como zorro ártico.
La mayoría de los zorros viven entre 5 a 7 años en libertad, aunque pueden llegar a alcanzar los 12 o incluso sobrepasar esa edad en cautiverio. Son generalmente más pequeños que otros miembros de la familia Canidae, tales como; lobos, chacales y perros domésticos. Sus rasgos típicos incluyen un fino hocico y una espesa cola. Otras características físicas varían según su hábitat. Por ejemplo, el zorro del desierto tiene largas orejas y pelaje corto, mientras que el zorro ártico tiene pequeñas orejas y un denso pelaje.
A diferencia de muchos cánidos, los zorros no son usualmente animales de manada. Son solitarios cazando su presa (especialmente roedores). Empleando una técnica de salto practicada desde una edad muy temprana en la que, dependiendo del terreno, utiliza una técnica u otra; por ejemplo en la nieve se dedica a escuchar la presa debajo de la gruesa capa y cuando predice los movimientos de la misma, da un salto muy alto en postura vertical para penetrar en la nieve con mayor eficacia y así alcanzar a la presa, son capaces de matar a su presa raudamente. Su dieta alimenticia incluye desde saltamontes a fruta y bayas, y presentan el fenotipo de glándula mamaria superdesarrollada.",Animales
"Iniciada en 1848 con el descubrimiento de oro en Sutter's Mill, la Fiebre del Oro atrajo a más de 300,000 personas a California en busca de fortuna. Este evento transformó la región, acelerando su admisión a la Unión como el estado número 31. La fiebre del oro tuvo un impacto significativo en la economía y demografía de California, y es un ejemplo de cómo la posibilidad de riqueza puede impulsar la migración y el desarrollo en una región.
",Eventos
"El 12 de octubre de 1492, Cristóbal Colón, un navegante genovés al servicio de los Reyes Católicos de España, llegó a una isla del continente americano, marcando el comienzo de un período de exploración, conquista y colonización europea en el Nuevo Mundo. Este evento cambió el curso de la historia, resultando en un intercambio cultural y biológico, conocido como el intercambio colombino, pero también en la subyugación y exterminio de muchas culturas indígenas. El descubrimiento abrió nuevas rutas comerciales y condujo a la expansión de imperios europeos en América.
",Eventos
"Conocido también como el Día D, el Desembarco de Normandía el 6 de junio de 1944, fue la mayor invasión por mar de la historia y marcó el comienzo del fin de la Segunda Guerra Mundial. En esta operación militar, las fuerzas aliadas desembarcaron en las playas de Normandía, Francia, para abrir un nuevo frente contra la Alemania nazi. La operación involucró a más de 1,3 millones de hombres y fue precedida por bombardeos aéreos y marítimos para debilitar las defensas alemanas. A pesar de las fuertes bajas, el desembarco fue exitoso y permitió a los aliados avanzar hacia Alemania y eventualmente derrotar al régimen nazi.
",Eventos
"Iniciada en 1848 con el descubrimiento de oro en Sutter's Mill, la Fiebre del Oro atrajo a más de 300,000 personas a California en busca de fortuna. Este evento transformó la región, acelerando su admisión a la Unión como el estado número 31. La fiebre del oro tuvo un impacto significativo en la economía y demografía de California, y es un ejemplo de cómo la posibilidad de riqueza puede impulsar la migración y el desarrollo en una región.
",Eventos
"El 20 de julio de 1969, la misión Apollo 11 de la NASA logró el primer alunizaje exitoso, marcando un hito histórico en la exploración espacial. Los astronautas Neil Armstrong y Buzz Aldrin se convirtieron en los primeros seres humanos en pisar la superficie lunar, mientras que Michael Collins permanecía en órbita lunar a bordo del Módulo de Comando. El momento en que Neil Armstrong descendió del Módulo Lunar y pronunció las famosas palabras, ""Es un pequeño paso para el hombre, un gran salto para la humanidad"", fue transmitido en vivo y presenciado por millones de personas alrededor del mundo. Este evento no solo demostró las capacidades tecnológicas y la innovación humana, sino que también simbolizó una victoria significativa en la carrera espacial entre Estados Unidos y la Unión Soviética durante la Guerra Fría. El alunizaje inspiró a generaciones futuras de científicos, ingenieros y público en general sobre las posibilidades de la exploración espacial y el descubrimiento científico.",Eventos
"La Revolución Francesa fue un período de agitación social y política en Francia y sus colonias que duró desde 1789 hasta 1799. Este evento histórico marcó el fin de la monarquía, la ascensión de Napoleón Bonaparte y cambios significativos en la estructura social y política del país. La revolución fue impulsada por el descontento popular hacia la monarquía absoluta, la desigualdad social y económica, y las ideas ilustradas de libertad, igualdad y fraternidad. Durante este período, se llevaron a cabo importantes reformas legislativas, se enfrentaron facciones rivales y se ejecutaron a muchos en la guillotina, incluyendo al rey Luis XVI y a la reina María Antonieta. La Revolución Francesa tuvo un impacto duradero en la historia mundial, inspirando revoluciones y movimientos por la libertad y la democracia en todo el mundo.
",Eventos
"Alemania, oficialmente República Federal de Alemania, es un país soberano centroeuropeo, miembro de la Unión Europea, constituido en Estado social y democrático de derecho y cuya forma de gobierno es la república parlamentaria y federal. Su capital es Berlín. Está formado por dieciséis estados federados (Bundesländer) y limita al norte con el mar del Norte, Dinamarca y el mar Báltico; al este con Polonia y la República Checa; al sur con Austria y Suiza; y al oeste con Francia, Luxemburgo, Bélgica y los Países Bajos. La ciudad de Büsingen am Hochrhein, enclavada en Suiza, también forma parte de Alemania. El territorio de Alemania abarca 357,022 km² de extensión y posee un clima templado. Con casi 83 millones de habitantes, es el país más poblado entre los estados miembros de la Unión Europea, y es el hogar del tercer mayor grupo de emigrantes internacionales. Después de Estados Unidos, Alemania es el segundo destino de las migraciones más popular en el mundo.
Las palabras alemán y Alemania provienen del latín y eran utilizadas en la antigüedad por los romanos para denominar a los alamanes (no es lo mismo que alemanes), el pueblo germánico más cercano al territorio del Imperio romano. De ahí fue usada para nombrar al país entero.​ Además de alemán, está también extendido el uso del gentilicio germano, derivado del nombre con que los romanos se referían a las tribus ni romanas ni celtas de la zona central de Europa, cuyo territorio llamaban Germania. Desde el siglo X, los territorios alemanes formaron una parte central del Sacro Imperio Romano Germánico que duró hasta 1806. Durante el siglo XVI, las regiones del norte del país se convirtieron en el centro de la Reforma Protestante.
Como un moderno Estado nación, el país fue unificado en tiempos de la guerra franco-prusiana, en 1871. Tras la Segunda Guerra Mundial, cuando la Alemania nazi fue derrotada por los aliados, Alemania fue dividida en dos Estados separados a lo largo de las líneas de ocupación aliadas en 1949; los Estados resultantes fueron la República Federal de Alemania y la República Democrática Alemana, que se reunificaron en 1990. Fue miembro fundador de la Comunidad Europea (1957), que se convirtió en la Unión Europea en 1993. Es parte de la zona Schengen y adoptó la moneda común europea, el euro, en 1999.
Alemania es miembro de la Organización de las Naciones Unidas, la OTAN, el G7, las naciones G4, y firmó el Protocolo de Kioto. Es la cuarta mayor economía mundial en cuanto al PIB nominal, la primera de Europa, y fue el mayor exportador de mercancías del mundo en 2007. En términos absolutos, asigna el tercer mayor presupuesto anual de la ayuda al desarrollo en el mundo, mientras que sus gastos militares ocuparon el noveno lugar mundial en 2012.​ El país ha desarrollado un alto nivel de vida y establecido un sistema completo de seguridad social. Tiene una posición clave en los asuntos europeos y mantiene una estrecha relación con varias asociaciones a nivel mundial. Es reconocida como líder en los sectores científico y tecnológico. Alemania es el país más contaminante de Europa.",Lugares
"Australia, oficialmente Mancomunidad de Australia, es un país soberano de Oceanía, cuya forma de gobierno es la monarquía constitucional federal parlamentaria.
El país ocupa la principal masa continental de la plataforma llamada Sahul, además de algunas islas en los océanos Pacífico, Índico y Antártico. Los países más cercanos a Australia son Indonesia, Timor Oriental y Papúa Nueva Guinea al norte, las Islas Salomón, Vanuatu y la dependencia francesa de Nueva Caledonia al noreste, y Nueva Zelanda al sureste. Australia es el sexto país más grande del mundo con una superficie de 7 741 220 km².​ Su capital, Canberra, se encuentra en el Territorio de la Capital Australiana. La población del país en 2011 era de unos 21,5 millones de habitantes, concentrados principalmente en las grandes ciudades costeras: Sídney, Melbourne, Brisbane, Perth, Adelaida y la capital Canberra.
Australia ha estado habitada desde hace por lo menos cuarenta y seis mil años por los aborígenes australianos. Su descubrimiento se habría producido tras las esporádicas visitas de españoles y portugueses que exploraron la costa septentrional y occidental de Australia, aunque sin avanzar hacia el interior por el escaso número de exploradores. Las exploraciones iniciadas en el siglo XVII fueron continuadas por pescadores neerlandeses, exploradores y comerciantes europeos. Hasta ahora se sostiene que el primero en desembarcar en las costas orientales fue el navegante británico James Cook, que llegó en 1769 a Nueva Zelanda y en 1770 a tierras australianas. Debido a ello, la mitad oriental del continente fue reclamada por Gran Bretaña en 1770, y en 1788 se estableció una colonia penal en Nueva Gales del Sur. Debido al asentamiento de colonos, a su crecimiento demográfico y a la exploración de nuevas áreas, durante el siglo XIX se establecieron otras cinco colonias británicas más. El 1 de enero de 1901, las seis colonias se federaron formando la Confederación de Australia. Desde su institución ha mantenido un sistema político democrático liberal y ha continuado siendo una monarquía dentro de la Comunidad Británica de Naciones.
En la división convencional en continentes, Australia se engloba en Oceanía, que agrupa también las islas del Pacífico. Sin embargo, los anglohablantes suelen hablar del «continente australiano» sin que Australia, desde un punto de vista geológico, constituya un continente. Nueva Zelanda y las islas adyacentes tampoco conforman un continente con Australia al no pertenecer a la plataforma Sahul, sino que se suelen asociar con esta por cercanía histórica y política.",Lugares
"Canadá (Canada) es un país soberano de América del Norte, cuya forma de gobierno es la monarquía parlamentaria federal. Su territorio está organizado en diez provincias y tres territorios. Su capital es la ciudad de Ottawa y la ciudad más poblada es Toronto.
Ubicado en el extremo norte del subcontinente norteamericano, se extiende desde el océano Atlántico al este, el océano Pacífico al oeste, y hacia el norte hasta el océano Ártico. Comparte frontera con los Estados Unidos al sur, y al noroeste con su estado federado Alaska. Es el segundo país más extenso del mundo después de Rusia, y también el más septentrional. Ocupa cerca de la mitad del territorio de Norteamérica. A causa de su clima, es uno de los 15 países con menor densidad poblacional del mundo, con aproximadamente 4 habitantes por kilómetro cuadrado.​
El territorio ocupado por Canadá fue habitado por los diversos grupos de población aborigen durante milenios. Desde finales del siglo XV, numerosas expediciones británicas y francesas exploraron a lo largo de la costa atlántica, donde más tarde se establecieron. Francia cedió casi todas sus colonias norteamericanas en 1763 después de la Guerra Franco-india.
En 1867, con la unión de tres colonias británicas norteamericanas mediante la Confederación, Canadá se formó como un dominio federal de cuatro provincias. Esto hizo que comenzara una acumulación de provincias y territorios, y un proceso de autonomía frente al Reino Unido. Esta autonomía cada vez mayor se puso de relieve en el Estatuto de Westminster de 1931 y culminó en el Acta de Constitución de Canadá de 1982, que rompió los vestigios de la dependencia jurídica en el parlamento británico.​ Está gobernada como una democracia parlamentaria y monarquía constitucional con Isabel II como jefe de Estado. Es una nación bilingüe con el inglés y el francés como lenguas oficiales en el ámbito federal.
Canadá es una nación industrial y tecnológicamente pionera y avanzada, ampliamente autosuficiente en energía gracias a sus relativamente extensos depósitos de combustibles fósiles y a la amplia generación de energía nuclear y energía hidroeléctrica. Siendo uno de los países más desarrollados, tiene una economía diversificada, que la hace independiente por sus grandes yacimientos y abundantes recursos naturales así como del comercio, particularmente con los Estados Unidos y México. En la actualidad es miembro de la OEA, el G-8, el G-20, la OTAN, la OCDE, la OMC, la UKUSA, la APEC, la Mancomunidad de Naciones, la Francofonía y de la Organización de las Naciones Unidas. Es considerado uno de los países con mejor calidad de vida.",Lugares
"Inglaterra (en inglés, England) es una de las cuatro naciones constituyentes del Reino Unido. Su territorio está formado geográficamente por la parte sur y central de Gran Bretaña, isla que comparte junto a Escocia y Gales, y cerca de 100 islas más pequeñas como las islas Sorlingas y la isla de Wight. Limita al norte con Escocia, al oeste con Gales —sus dos fronteras terrestres—, al noroeste con el mar de Irlanda, al suroeste con el mar Celta, al este con el mar del Norte y al sur con el canal de la Mancha. Inglaterra asume el 84 % de la población y el 85 % del PIB del Reino Unido.
El territorio actual de Inglaterra ha estado habitado por varias culturas desde hace cerca de 35000 años, pero toma su nombre de los anglos, uno de los pueblos germánicos que se establecieron en el lugar durante los siglos V y VI. Se convirtió en un estado unificado en el año 927 y desde la era de los descubrimientos, que comenzó en el siglo XV, ha tenido un gran impacto cultural y legal en todo el mundo. El idioma inglés, la Iglesia anglicana y el Derecho de Inglaterra —tomado como base para el sistema jurídico de muchos otros países del mundo— se desarrollaron en Inglaterra, y el sistema parlamentario de gobierno ha sido ampliamente adoptado por otras naciones.
El Reino de Inglaterra —que desde 1284 también incluía a Gales— fue un estado independiente hasta 1707, fecha en la que se firmó el Acta de Unión con Escocia, para crear el Reino de Gran Bretaña. En 1801 el Reino de Irlanda se unió al Reino de Gran Bretaña creando así el Reino Unido de Gran Bretaña e Irlanda hasta 1922. Con la independencia y partición de Irlanda desde entonces es el Reino Unido de Gran Bretaña e Irlanda del Norte.",Lugares
"Japón (Nihon o Nippon), oficialmente Estado del Japón (Acerca de este sonido Nihon-koku o Nippon-koku), es un país soberano insular del este de Asia. Situado en el océano Pacífico; tiene al oeste el mar del Japón, China, Corea del Norte, Corea del Sur y Rusia, al norte el mar de Ojotsk y al este y sur el mar de China Oriental y Taiwán. Los caracteres que componen el nombre de Japón pueden significar «el origen del sol» o «la base del sol», motivo por el que el país también es conocido como la Tierra del Sol Naciente, ya que desde la perspectiva de China, el sol sale desde Japón. No tiene ningún idioma oficial hasta la fecha, ya que el japonés se considera un idioma nacional en dicho país, término que no se debe confundir con el anteriormente dicho.
Japón es un archipiélago compuesto por 6852 islas. El Área del Gran Tokio en la isla de Honshū, donde está la ciudad de Tokio, capital de facto de la nación, es la mayor área metropolitana del mundo, con más de treinta millones de residentes. Y a su vez, Tokio, la capital, es la ciudad más grande del mundo en cuanto a extensión.
Los restos arqueológicos indican que el ser humano ha vivido en Japón desde el Paleolítico superior. La primera mención escrita de las islas se encuentra en textos de la antigua China del siglo I d. C. La historia de Japón ha alternado periodos de influencia extranjera con otros muy prolongados de aislamiento total. Desde el siglo XII hasta 1868 Japón estuvo gobernado por sucesivos shogunatos militares que ejercían el poder en nombre del emperador. En el siglo XVII el país entró en un largo periodo de aislamiento que no terminó hasta mediados del siglo XIX. Después de casi dos décadas de conflictos internos e insurrecciones se restauró al emperador Meiji como jefe del Estado en 1868 y se proclamó el Imperio del Japón.

A finales del siglo XIX y principios del XX, los éxitos en la primera guerra sino-japonesa, en la guerra ruso-japonesa y en la Primera Guerra Mundial permitieron a Japón expandir su imperio y fortalecer sus fuerzas armadas. La segunda guerra sino-japonesa que se inició en 1937, acabó formando parte de la Segunda Guerra Mundial desde 1941, conflictos que terminaron tras la rendición de Japón debido a los bombardeos atómicos sobre Hiroshima y Nagasaki en 1945. Desde la adopción de la constitución revisada en 1947, Japón ha mantenido una monarquía constitucional unitaria con un emperador y un órgano de gobierno democrático llamado Dieta.
Japón es desde hace varias décadas una de las grandes potencias económicas mundiales, y en la actualidad es la tercera mayor economía de acuerdo a su PIB. Asimismo, es el cuarto mayor exportador e importador de mercancías. Aunque Japón renunció oficialmente a su derecho a declarar la guerra tras la Segunda Guerra Mundial, posee unas modernas fuerzas armadas y el quinto mayor presupuesto militar mundial​ para su autodefensa y el mantenimiento de la paz.
Es miembro de la Organización de las Naciones Unidas, el G7, el G4 y la APEC. Japón es el segundo país con la menor tasa de homicidios, solo por detrás de Singapur, las mujeres japonesas tienen la segunda mayor esperanza de vida​ y, según la ONU, el país presenta la tercera menor mortalidad infantil del mundo.",Lugares
"México (Acerca de este sonido [ˈmexiko]), oficialmente Estados Unidos Mexicanos, es un país soberano ubicado en la parte meridional de América del Norte con capital en la Ciudad de México. Políticamente es una república representativa, democrática, federal y laica, compuesta por 32 entidades federativas (31 estados y la capital federal).
El territorio mexicano tiene una superficie de 1 964 375 km², por lo que es el decimotercer país más extenso del mundo y el tercero más grande de América Latina. Limita al norte con los Estados Unidos de América a lo largo de una frontera de 3 155 km, mientras que al sur tiene una frontera de 958 km con Guatemala y 276 km con Belice. Las costas del país limitan al oeste con el océano Pacífico y al este con el golfo de México y el mar Caribe, sumando 9 330 km, por lo que es el tercer país americano con mayor longitud de litoral.
México es el undécimo país más poblado del mundo, con una población estimada en más de 126 millones de personas en 2019.8​ La mayoría de ellas tiene como lengua materna el español, al que el estado reconoce como lengua nacional junto a 67 lenguas indígenas propias de la nación, si bien en el país se hablan alrededor de 287 idiomas.​ Estas cifras convierten a México en el país con mayor número de hispanohablantes,​ así como en el séptimo país con mayor diversidad lingüística en el mundo.​
La presencia humana en México se remonta a 14 000 años antes del presente.​ Como fruto de miles de años de desarrollo cultural surgieron en el territorio mexicano las culturas mesoamericanas, aridoamericanas y oasisamericanas. El actual territorio central de México fue el principal y mayor escenario del pueblo mexica y, en parte, del pueblo maya, dos de las civilizaciones más importantes de la América precolombina. Durante 300 años, la totalidad del actual territorio formó parte del Virreinato de Nueva España, con capital en la Ciudad de México, siendo una de las entidades más importantes del Imperio Español en América. Tras la dominación española, Nueva España inició la lucha por su independencia política en 1810, que culminó en 1821. Posteriormente, durante cerca de un siglo el país se vio envuelto en una serie de guerras internas e invasiones extranjeras que tuvieron repercusiones en todos los ámbitos de la vida de los mexicanos. Durante buena parte del siglo XX (principalmente el segundo tercio) tuvo lugar un período de gran crecimiento económico en el marco de una política dominada por un solo partido político.
Según la Organización Mundial del Turismo, México es el principal destino turístico de América Latina y el sexto más visitado en el mundo.​ Esto se debe en gran medida a los 34 sitios culturales o naturales que son considerados por la UNESCO como Patrimonio de la Humanidad, y es en este sentido el primero en el continente y sexto en el mundo.
En términos macroeconómicos, por producto interno bruto (PIB) es la decimocuarta economía mundial y la undécima por paridad del poder adquisitivo (PPA); en escala regional, es la segunda economía de América Latina y la cuarta del continente. Según el informe de 2018 de desarrollo humano de la ONU, tiene un índice de desarrollo humano alto de 0.774, y ocupa el lugar 74º en el mundo.
México también es uno de los países con mayor diversidad de climas en el mundo, considerado uno de los 17 países megadiversos del planeta, es hogar del 10-12% de la biodiversidad mundial y alberga a más de 12 000 especies endémicas.",Lugares
"Un asistente virtual es un agente de software que ayuda a usuarios de sistemas computacionales, automatizando y realizando tareas con la mínima interacción hombre-máquina. La interacción que se da entre un asistente virtual y una persona, debe ser natural, una persona se comunica usando la voz y el asistente virtual lo procesa, interpreta y responde de la misma manera.
A veces el término bot conversacional (en inglés: chatbot) se utiliza para referirse a los asistentes virtuales en general o específicamente a aquellos a los que se accede por chat en línea (o en algunos casos, programas de chat en línea que son para entretenimiento y no para propósitos útiles).
Hacia 2017, las capacidades y el uso de los asistentes virtuales se está expandiendo rápidamente, con nuevos productos entrando al mercado. Una encuesta en línea en mayo de 2017 encontró el más utilizado en los Estados Unidos fueron Siri de Apple (34%), Google Assistant (19%), Amazon Alexa (6%) y Microsoft Cortana (4%). El uso de altavoces inteligentes alimentados por estos asistentes es radicalmente diferente; Apple ni siquiera anunció su altavoz inteligente hasta junio de 2017. El asistente virtual M de Facebook esperaba estar disponible para cientos de millones en Facebook Messenger en 2017. Apple y Google tienen grandes bases instaladas de usuarios en teléfonos inteligentes y Microsoft tiene una gran base instalada de computadoras personales basadas en Windows (donde trabaja Cortana, además de teléfonos y altavoces inteligentes); mientras que Alexa fue el primero en obtener la posibilidad de realizar pedidos de comercio electrónico en línea, desde Amazon.
Un asistente personal inteligente es un agente tipo software que puede realizar tareas u ofrecer servicios a un individuo. Estas tareas o servicios están basados en datos de entrada de usuario, reconocimiento de ubicación y la habilidad de acceder a información de una variedad de recursos en línea (como al clima o al tráfico, noticias, precios de acciones, horario del usuario, precios al por menor, etc). Algunos ejemplos de asistentes personales son Siri de Apple, Braina, Google Assistant, Google Now, Amazon Echo, Microsoft Cortana, S Voice de Samsung, Voice Mate, Silvia y Hidi de HTC. Y Bixby de Samsung. Uno de los aspectos clave de un asistente personal inteligente es su habilidad para organizar y mantener información. Esto incluye el manejo de correos electrónicos, eventos en el calendario, archivos, lista a seguir, etc.
De acuerdo con el inversor de capital de riesgo, Chi-Hua Chien,​ de la firma Kleiner Perkins Caufield & Byers, ejemplos de tareas que pueden ser ejecutadas por inteligentes automatizados agentes personales​ incluyen manejo de agenda (ejemplo: mandar una alerta a alguien que llegará tarde a su cena por un inconveniente de tráfico, actualización de horarios para ambas partes, y cambiar el horario de reservación del restaurante) y un manejador personal de salud (ejemplo: monitorear la ingesta diaria de calorías, el ritmo cardiaco y el régimen de ejercicio, después hacer recomendaciones y dar opciones para mejorar la salud).
La tecnología del asistente personal inteligente es permitida por la combinación de dispositivos móviles, interfaces de programación de aplicaciones (APIs), y la proliferación de aplicaciones móviles. Sin embargo, asistentes personales automatizados son diseñados para realizar tareas que solo son especificadas una vez a través de la voz del usuario mientras que los agentes personales inteligentes realizan tareas en curso (ejemplo: actualización en la agenda o calendario) de forma autónoma.",Objetos
"Un bot de charla o bot conversacional (en inglés, chatbot) es un programa que simula mantener una conversación con una persona al proveer respuestas automáticas a entradas hechas por el usuario. Habitualmente, la conversación se establece mediante texto, aunque también hay modelos que disponen de una interfaz de usuario multimedia. Más recientemente, algunos comienzan a utilizar programas conversores de texto a sonido (CTV), dotándolo de mayor realismo a la interacción con el usuario.
Para establecer una conversación han de utilizarse frases fácilmente comprensibles y que sean coherentes, aunque la mayoría de los bot conversacionales no consiguen comprender del todo. En su lugar, tienen en cuenta las palabras o frases del interlocutor, que les permitirán usar una serie de respuestas preparadas de antemano. De esta manera, el bot es capaz de seguir una conversación con más o menos lógica, pero sin saber realmente de qué está hablando.",Objetos
"Amazon Echo, es un altavoz inteligente de Amazon con funciones, incluyendo respuesta a preguntas y reproductor de música. El dispositivo consiste en un cilindro grande que habla, de 9 pulgadas (23 cm), con una matriz de sensores de 7 micrófonos, altavoces que incluyen un woofer/tweeter y un control remoto. El dispositivo responde al nombre de “Alexa” (Amazon Alexa).
Amazon ha estado desarrollando Echo dentro de su Lab126 desde sus instalaciones en Silicon Valley y Cambridge, Mass., durante, al menos, 4 años. El dispositivo, también llamado 'Doppler' o 'Project D', fue parte del primer intento de Amazon de ampliar su mercado de dispositivos además de la original Kindle Ereader.",Objetos
"Un robot es una entidad virtual o mecánica artificial. En la práctica, esto es por lo general un sistema electromecánico que, por su apariencia o sus movimientos, ofrece la sensación de tener un propósito propio. La independencia creada en sus movimientos hace que sus acciones sean la razón de un estudio razonable y profundo en el área de la ciencia y tecnología. La palabra robot puede referirse tanto a mecanismos físicos como a sistemas virtuales de software, aunque suele aludirse a los segundos con el término de bots.
No hay un consenso sobre qué máquinas pueden ser consideradas robots, pero sí existe un acuerdo general entre los expertos y el público sobre que los robots tienden a hacer parte o todo lo que sigue: moverse, hacer funcionar un brazo mecánico, sentir y manipular su entorno y mostrar un comportamiento inteligente, especialmente si ese comportamiento imita al de los humanos o a otros animales. Actualmente podría considerarse que un robot es una computadora con la capacidad y el propósito de movimiento que en general es capaz de desarrollar múltiples tareas de manera flexible según su programación; así que podría diferenciarse de algún electrodoméstico específico.
Aunque las historias sobre ayudantes y acompañantes artificiales, así como los intentos de crearlos, tienen una larga historia, las máquinas totalmente autónomas no aparecieron hasta el siglo XX. El primer robot programable y dirigido de forma digital, el Unimate, fue instalado en 1961 para levantar piezas calientes de metal de una máquina de tinte y colocarlas.
Los robots domésticos para la limpieza y mantenimiento del hogar son cada vez más comunes. No obstante, existe una cierta ansiedad sobre el impacto económico de la automatización y la amenaza del armamento robótico, una ansiedad que se ve reflejada en el retrato a menudo perverso y malvado de robots presentes en obras de la cultura popular. Comparados con sus colegas de ficción, los robots reales siguen siendo limitados.",Objetos
"Un reloj inteligente es un reloj de pulsera dotado con funcionalidades que van más allá de las de uno convencional. Los primeros modelos desempeñaban funcionalidades muy básicas, pero los actuales ya son capaces de acceder a Internet, realizar y recibir llamadas telefónicas, enviar y recibir correos electrónicos y SMS, recibir notificaciones del teléfono inteligente e incluso consultar las redes sociales. Muchas de las funcionalidades que integran ya están disponibles en los teléfonos inteligentes, sin embargo los relojes inteligentes gozan de algunas ventajas en lo que a comodidad respecta, en especial cuando se usa para hacer deporte o viajar.
Estos dispositivos pueden incluir características como un acelerómetro, giroscopio, brújula, pulsómetro, barómetro, altímetro, geomagnetómetro, geolocalizador (GPS), altavoz, micrófono, ranura para tarjeta de memoria externa etc. También cuentan con mecanismos de conectividad como el Bluetooth (para conectarlo al móvil, auriculares u otros dispositivos), NFC, WiFi o USB.
Cualquiera dispositivo cuenta con un procesador, memoria, entrada y salida. Se puede recoger información de los sensores internos o externos. Se puede controlar, o recuperar datos de otros dispositivos. Muchos de los relojes inteligentes sólo sirven como interfaz para el teléfono inteligente. Sin embargo, existen algunos prácticamente independientes, que incorporan ranura para tarjeta SIM y se denominan relojes inteligentes telefónicos.",Objetos
"El teléfono inteligente (smartphone en inglés) es un tipo de ordenador de bolsillo con las capacidades de un teléfono móvil (llamada telefónica, servicio de mensajes cortos, etc.). Sobre una plataforma informática móvil, con mayor capacidad de almacenar datos y realizar actividades simultáneamente, tareas que realiza una computadora, y con una mayor conectividad que un teléfono convencional. El término inteligente, que se utiliza con fines comerciales, hace referencia a la capacidad de usarse como un computador de bolsillo, y llega incluso a reemplazar a una computadora personal en algunos casos.
Los teléfonos inteligentes fueron popularizándose desde finales de la década del 2000, y durante el transcurso de la década de 2010. Los sistemas operativos móviles más utilizados actualmente son Android y iOS. Las marcas de teléfonos más populares son Apple iPhone, Samsung, Huawei, Xiaomi, entre otros. Recientemente, a principios del año 2013, los teléfonos inteligentes superan en venta a los teléfonos celulares convencionales desde entonces.
Una de las principales características de estos teléfonos es la pantalla táctil, que reemplaza a los botones y pantalla visual pequeña de los teléfonos convencionales, pero el soporte completo al correo electrónico, así como la conectividad a Internet y función multimedia parecen ser características indispensables encontradas en todos los modelos existentes y anunciados desde principios de los 2010. Casi todos los teléfonos inteligentes también permiten al usuario instalar programas adicionales, habitualmente incluso desde terceros, hecho que dota a estos teléfonos de muchísimas aplicaciones en diferentes terrenos; sin embargo, algunos teléfonos son calificados como inteligentes aun cuando no tienen esa característica.
Entre otros rasgos comunes está la función multitarea, el acceso a Internet vía Wifi o redes 2G, 3G, 4G, 5G; algunos también cuentan con funciones multimedia (cámara y reproductor de videos/mp3), programas de agenda, administración de contactos, acelerómetro, Bluetooth, GPS y algunos programas de navegación, así como ocasionalmente la habilidad de leer documentos de negocios en variedad de formatos como PDF y documentos ofimáticos.",Objetos
"﻿Albert Einstein (Imperio alemán; 14 de marzo de 1879-Princeton, Estados Unidos; 18 de abril de 1955) fue un físico alemán de origen judío, nacionalizado después suizo, austriaco y estadounidense. Se lo considera el científico más importante, conocido y popular del siglo XX.
En 1905, cuando era un joven físico desconocido, empleado en la Oficina de Patentes de Berna, publicó su teoría de la relatividad especial. En ella incorporó, en un marco teórico simple fundamentado en postulados físicos sencillos, conceptos y fenómenos estudiados antes por Henri Poincaré y por Hendrik Lorentz. Como una consecuencia lógica de esta teoría, dedujo la ecuación de la física más conocida a nivel popular: la equivalencia masa-energía, E=mc². Ese año publicó otros trabajos que sentarían algunas de las bases de la física estadística y de la mecánica cuántica.
En 1915, presentó la teoría de la relatividad general, en la que reformuló por completo el concepto de la gravedad.​ Una de las consecuencias fue el surgimiento del estudio científico del origen y la evolución del Universo por la rama de la física denominada cosmología. En 1919, cuando las observaciones británicas de un eclipse solar confirmaron sus predicciones acerca de la curvatura de la luz, fue idolatrado por la prensa. Einstein se convirtió en un icono popular de la ciencia mundialmente famoso, un privilegio al alcance de muy pocos científicos.
Por sus explicaciones sobre el efecto fotoeléctrico y sus numerosas contribuciones a la física teórica, en 1921 obtuvo el Premio Nobel de Física y no por la Teoría de la Relatividad, pues el científico a quien se encomendó la tarea de evaluarla no la entendió, y temieron correr el riesgo de que luego se demostrase errónea.​ En esa época era aún considerada un tanto controvertida.
Ante el ascenso del nazismo, Einstein abandonó Alemania hacia diciembre de 1932 con destino a Estados Unidos, donde se dedicó a la docencia en el Institute for Advanced Study. Se nacionalizó estadounidense en 1940. Durante sus últimos años trabajó por integrar en una misma teoría la fuerza gravitatoria y la electromagnética.
Aunque es considerado por algunos como el padre de la bomba atómica, abogó por el federalismo mundial, el internacionalismo, el pacifismo, el sionismo y el socialismo democrático, con una fuerte devoción por la libertad individual y la libertad de expresión.​ Fue proclamado «personaje del siglo XX» y el más preeminente científico por la revista Time.",Personas
"Isaac Asimov (RSFS de Rusia, 20 de diciembre de 1919. 2 de enero de 1920. Nueva York, Estados Unidos, 6 de abril de 1992) fue un escritor y profesor de bioquímica en la facultad de medicina de la Universidad de Boston de origen ruso, nacionalizado estadounidense, conocido por ser un prolífico autor de obras de ciencia ficción, historia y divulgación científica.​ Asimov, asimismo, tenía un dilatado conocimiento sobre las ciencias naturales en todo su conjunto.
Su obra más famosa es la Saga de la Fundación, también conocida como Trilogía o Ciclo de Trántor, que forma parte de la serie del Imperio Galáctico y que más tarde combinó con su otra gran serie sobre los robots. También escribió obras de misterio y fantasía, así como una gran cantidad de textos de no ficción. En total, firmó más de 500 volúmenes y unas 9000 cartas o postales. Sus trabajos han sido publicados en 9 de las 10 categorías del Sistema Dewey de clasificación.
Junto con Robert A. Heinlein y Arthur C. Clarke, Asimov fue considerado en vida como uno de los «tres grandes» escritores de ciencia ficción.
La mayoría de sus libros de divulgación explican los conceptos científicos siguiendo una línea histórica, retrotrayéndose lo más posible a tiempos en que la ciencia en cuestión se encontraba en una etapa elemental. A menudo brinda la nacionalidad, las fechas de nacimiento y muerte de los científicos que menciona, así como las etimologías de las palabras técnicas.
Fue miembro de Mensa durante mucho tiempo, a cuyos miembros describía como «intelectualmente combativos». Disfrutaba más de la presidencia de la Asociación Humanista Estadounidense, una organización de ideología atea.
En 1981 se nombró a un asteroide, el (5020) Asimov, en su honor.",Personas
"Isaac Newton, 25 de diciembre de 1642, Londres, 20 de marzo de 1727) fue un físico, teólogo, inventor, alquimista y matemático inglés. Es autor de los Philosophiæ naturalis principia mathematica, más conocidos como los Principia, donde describe la ley de la gravitación universal y estableció las bases de la mecánica clásica mediante las leyes que llevan su nombre. Entre sus otros descubrimientos científicos destacan los trabajos sobre la naturaleza de la luz y la óptica (que se presentan principalmente en su obra Opticks), y en matemáticas, el desarrollo del cálculo infinitesimal.
Newton comparte con Gottfried Leibniz el crédito por el desarrollo del cálculo integral y diferencial, que utilizó para formular sus leyes de la física y astronomía. También contribuyó en otras áreas de las matemáticas, desarrollando el teorema del binomio y las fórmulas de Newton-Cotes.
Entre sus hallazgos científicos se encuentran el descubrimiento de que el espectro de color que se observa cuando la luz blanca pasa por un prisma es inherente a esa luz, en lugar de provenir del prisma (como había sido postulado por Roger Bacon en el siglo XIII); su argumentación sobre la posibilidad de que la luz estuviera compuesta por partículas; su desarrollo de una ley de convección térmica, que describe la tasa de enfriamiento de los objetos expuestos al aire; sus estudios sobre la velocidad del sonido en el aire; y su propuesta de una teoría sobre el origen de las estrellas. Fue también un pionero de la mecánica de fluidos, estableciendo una ley sobre la viscosidad.
Newton fue el primero en demostrar que las leyes naturales que gobiernan el movimiento en la Tierra y las que gobiernan el movimiento de los cuerpos celestes son las mismas. Es, a menudo, calificado como el científico más grande de todos los tiempos, y su obra como la culminación de la revolución científica. El matemático y físico Joseph Louis Lagrange (1736-1813), dijo que Newton fue el más grande genio que ha existido y también el más afortunado, dado que solo se puede encontrar una vez un sistema que rija el mundo.",Personas
"Nikola Tesla (Imperio austríaco, actual Croacia, 10 de julio de 1856 - Nueva York, 7 de enero de 1943) fue un inventor, ingeniero eléctrico, ingeniero mecánico y físico estadounidense de origen serbocroata.​ Se le conoce sobre todo por sus numerosas invenciones en el campo del electromagnetismo, desarrolladas a finales del siglo XIX y principios del siglo XX. Las patentes de Tesla y su trabajo teórico ayudaron a forjar las bases de los sistemas modernos para el uso de la energía eléctrica por corriente alterna (CA), incluyendo el sistema polifásico de distribución eléctrica y el motor de corriente alterna, que contribuyeron al surgimiento de la Segunda Revolución Industrial.
Su carácter, su enfrentamiento con Edison y el halo de misterio que rodea a algunos de sus descubrimientos, hicieron que Tesla se convirtiera en un científico muy popular a partir de la década de 1990, con una abundante bibliografía disponible acerca de su vida y de su obra.",Personas
"Stephen William Hawking; Oxford, 8 de enero de 1942-Cambridge, 14 de marzo de 2018) fue un físico teórico, astrofísico, cosmólogo y divulgador científico británico. Sus trabajos más importantes consistieron en aportar, junto con Roger Penrose, teoremas respecto a las singularidades espaciotemporales en el marco de la relatividad general y la predicción teórica de que los agujeros negros emitirían radiación,​ lo que se conoce hoy en día como radiación de Hawking (o a veces radiación Bekenstein-Hawking). Uno de los principales características de su personalidad fue su contribución al debate científico, a veces apostando públicamente con otros científicos, el caso más conocido es su participación en la discusión sobre la conservación de la información en los agujeros negros.
Era miembro de la Real Sociedad de Londres, de la Academia Pontificia de las Ciencias y de la Academia Nacional de Ciencias de Estados Unidos. Fue titular de la Cátedra Lucasiana de Matemáticas (Lucasian Chair of Mathematics) de la Universidad de Cambridge desde 1979 hasta su jubilación en 2009.
Entre las numerosas distinciones que le fueron concedidas, recibió doce doctorados honoris causa y fue galardonado con la Orden del Imperio Británico (grado CBE) en 1982, el Premio Príncipe de Asturias de la Concordia en 1989, la Medalla Copley en 2006, la Medalla de la Libertad en 2009 y el Premio Fundación BBVA Fronteras del Conocimiento en 2015.
Estuvo casado en dos ocasiones y tuvo tres hijos. Justo antes de su primer matrimonio, con 21 años, se le diagnósticó esclerosis lateral amiotrófica (ELA), que fue agravando su estado con el paso de los años, hasta dejarlo casi completamente paralizado y le forzó a comunicarse a través de un aparato generador de voz. Cuando su enfermedad le afectó a la capacidad de tragar y se ahogaba al comer, Hawking comenzó una dieta especial, que se basaba principalmente en la retirada del gluten, el azúcar y los alimentos procesados, y complementación con diversos suplementos.​ Ha sido la persona más longeva con esta enfermedad, a la que sobrevivió 55 años cuando la esperanza media de vida es de aproximadamente 14 meses. Su caso resulta fascinante y desconcertante para los neurólogos.
Como autor de libros divulgativos sobre ciencia alcanzó enormes éxitos de ventas, en los que discute sobre sus propias teorías y la cosmología en general, como Breve historia del tiempo: del Big Bang a los agujeros negros (A Brief History of Time: From the Big Bang to Black Holes), de 1988, y que estuvo en la lista de bestsellers del The Sunday Times británico durante 237 semanas, Brevísima historia del tiempo (A Briefer History of Time), de 2005, en colaboración con Leonard Mlodinow, en la que trató de explicar de la manera más sencilla posible la Historia del Universo, motivo por el cual se le conoció como El historiador del tiempo o El historiador del universo, y El universo en una cáscara de nuez (The Universe in a Nutshell), de 2001.",Personas
"Thomas Alva Edison (Milan, Ohio, 11 de febrero de 1847-West Orange, Nueva Jersey, 18 de octubre de 1931) fue un empresario.​ Desarrolló muchos dispositivos que han tenido gran influencia en todo el mundo, como el fonógrafo, la cámara de cine o una duradera bombilla incandescente. Apodado El mago de Menlo Park, Edison fue uno de los primeros inventores en aplicar los principios de la producción en cadena y el trabajo en equipo a gran escala al proceso de invención, motivos por los cuales se le reconoce la creación del primer laboratorio de investigación industrial.
Edison fue un inventor prolífico que registró 1903 patentes a su nombre en Estados Unidos, además de otras en Reino Unido, Francia y Alemania. Pero más importante que sus muchas patentes fue el amplio impacto que tuvieron algunas de sus invenciones: la luz eléctrica y el suministro público de electricidad, la grabación de sonido y la cinematografía se convirtieron en nuevas y poderosas industrias en todo el mundo. Sus inventos contribuyeron en particular a las telecomunicaciones, como una máquina de voto, una batería para un automóvil eléctrico, la energía eléctrica, la grabación de música y las películas. Sus avanzados trabajos en estos campos no fueron más que una continuación de su primer trabajo como radiotelegrafista. Edison desarrolló un sistema de generación y distribución de energía eléctrica a las casas, negocios y fábricas, un avance crucial para el mundo industrializado moderno.",Personas
